<?xml version="1.0" encoding="ISO-8859-1"?>
<!DOCTYPE metadata SYSTEM "http://www.fgdc.gov/metadata/fgdc-std-001-1998.dtd">
<metadata>
	<idinfo>
		<citation>
			<citeinfo>
				<origin>PAMAP Program, PA Department of Conservation and Natural Resources, Bureau of Topographic and Geologic Survey</origin>
				<pubdate>20070308</pubdate>
				<title>Hydrography Line</title>
				<geoform Sync="TRUE">vector digital data</geoform>
				<pubinfo>
					<pubplace>Middletown, PA</pubplace>
					<publish>PAMAP Program, PA Department of Conservation and Natural Resources, Bureau of Topographic and Geologic Survey</publish>
				</pubinfo>
				<onlink Sync="TRUE">\\PC-36\D$\PAMAP\vector\PAMAP_Vector_Data\CountyHydrography.gdb</onlink>
				<ftname Sync="TRUE">HydroLine</ftname></citeinfo>
		</citation>
		<descript>
			<abstract>This dataset consists of hydrography (streams, rivers) aggregated by the PAMAP Program from data supplied by various Pennsylvania county governments.  Additional information is available at the PAMAP website: www.dcnr.state.pa.us/topogeo/pamap.</abstract>
			<purpose>General-purpose mapping of the Commonwealth of Pennsylvania.</purpose>
			<supplinf>Source data was provided by the counties of Allegheny, Armstrong, Beaver, Bedford, Berks, Bradford, Bucks, Cambria, Cameron, Carbon, Centre, Chester, Clearfield, Clinton, Columbia, Crawford, Cumberland, Dauphin, Delaware, Elk, Erie, Forest, Franklin, Greene, Indiana, Jefferson, Lackawanna, Lancaster, Lawrence, Lebanon, Lehigh, Luzerne, Lycoming, McKean, Mercer, Mifflin, Monroe, Montgomery, Northampton, Northumberland, Perry, Potter, Schuylkill, Snyder, Sullivan, Tioga, Union, Venango, Wayne, Westmoreland, Wyoming, York</supplinf>
			<langdata Sync="TRUE">en</langdata></descript>
		<timeperd>
			<timeinfo>
				<sngdate>
					<caldate>20090513</caldate>
				</sngdate>
			</timeinfo>
			<current>publication date</current>
		</timeperd>
		<status>
			<progress>Complete</progress>
			<update>Irregular</update>
		</status>
		<spdom>
			<bounding>
				<westbc Sync="TRUE">-80.616759</westbc>
				<eastbc Sync="TRUE">-74.616704</eastbc>
				<northbc Sync="TRUE">42.282647</northbc>
				<southbc Sync="TRUE">39.557957</southbc>
			</bounding>
			<lboundng><leftbc Sync="TRUE">-708513.129126</leftbc><rightbc Sync="TRUE">916243.866760</rightbc><bottombc Sync="TRUE">220303.272937</bottombc><topbc Sync="TRUE">1196057.821096</topbc></lboundng></spdom>
		<keywords>
			<theme>
				<themekt>None</themekt>
				<themekey>Hydrography</themekey>
				<themekey>Streams</themekey><themekey>Rivers</themekey></theme>
			<place>
				<placekt>None</placekt>
				<placekey>Pennsylvania</placekey>
			</place>
		</keywords>
		<accconst>None</accconst>
		<useconst>The Originator, Publisher and Distributor exclude any and all implied warranties and make no warranty or representation with respect to the data files or accompanying documentation, including quality, performance, merchantability or fitness for a particular purpose. These data files and documentation are provided 'as is' and the User assumes the entire risk as to their quality and performance.  The Originator and Publisher, as indicated in the metadata, should be clearly cited in any product derived from this data. Any modifications to this data must be described in any digital or hardcopy product derived from this data.</useconst>
		<ptcontac>
			<cntinfo>
				<cntperp>
					<cntper>Jay Parrish, P.G., Ph. D.</cntper>
					<cntorg>PAMAP Program, PA Department of Conservation and Natural Resources, Bureau of Topographic and Geologic Survey</cntorg>
				</cntperp>
				<cntpos>Director</cntpos>
				<cntaddr>
					<addrtype>mailing and physical address</addrtype>
					<address>PAMAP Program</address>
					<address>PA DCNR Topographic and Geologic Survey</address>
					<address>3240 Schoolhouse Road</address>
					<city>Middletown</city>
					<state>PA</state>
					<postal>17057</postal>
					<country>USA</country>
				</cntaddr>
				<cntvoice>(717) 702-2053</cntvoice>
				<cntemail>jayparrish@state.pa.us</cntemail>
				<hours>0800-1630</hours>
			</cntinfo>
		</ptcontac>
		<datacred>PAMAP Program, Bureau of Topographic and Geologic Survey, PA Department of Conservation and Natural Resources</datacred>
		<native Sync="TRUE">Microsoft Windows XP Version 5.1 (Build 2600) Service Pack 3; ESRI ArcCatalog 9.3.1.4000</native>
		<natvform Sync="TRUE">File Geodatabase Feature Class</natvform></idinfo>
	<dataqual>
		<attracc>
			<attraccr>No quality assessment was performed on any of the data. There is considerable diversity on source, accuracy, structure, completeness, and content.</attraccr>
		</attracc>
		<logic>No quality assessment was performed on any of the data. There is considerable diversity on source, accuracy, structure, completeness, and content.</logic>
		<complete>No quality assessment was performed on any of the data. There is considerable diversity on source, accuracy, structure, completeness, and content.</complete>
		<posacc>
			<horizpa>
				<horizpar>No horizontal accuracy specification</horizpar>
			</horizpa>
			<vertacc>
				<vertaccr>No vertical accuracy specification</vertaccr>
			</vertacc>
		</posacc>
		<lineage>
			<srcinfo>
				<srccite>
					<citeinfo>
						<origin>PAMAP Program</origin>
						<title>Boundary Aggregation</title>
					</citeinfo>
				</srccite>
				<srcscale>N/A</srcscale>
				<typesrc>Mixed</typesrc>
				<srctime>
					<timeinfo>
						<sngdate>
							<caldate>20090513</caldate>
						</sngdate>
					</timeinfo>
					<srccurr>publication date</srccurr>
				</srctime>
			</srcinfo>
			<procstep><procdesc Sync="TRUE">Metadata imported.</procdesc><srcused Sync="TRUE">D:\PA_SDI\AggregatedCountyData\AggregatedData_metadata.xml</srcused><procdate Sync="TRUE">20090513</procdate><proctime Sync="TRUE">14164900</proctime></procstep></lineage>
	</dataqual>
	<spdoinfo>
		<direct Sync="TRUE">Vector</direct>
		<ptvctinf><esriterm Name="Streams"><efeatyp Sync="TRUE">Simple</efeatyp><efeageom code="3" Sync="TRUE"></efeageom><esritopo Sync="TRUE">FALSE</esritopo><efeacnt Sync="TRUE">0</efeacnt><spindex Sync="TRUE">FALSE</spindex><linrefer Sync="TRUE">FALSE</linrefer></esriterm></ptvctinf></spdoinfo>
	<spref>
		<horizsys>
			<planar>
				<planci>
					<plance Sync="TRUE">coordinate pair</plance>
					<coordrep>
						<absres Sync="TRUE">0.000328</absres>
						<ordres Sync="TRUE">0.000328</ordres>
					</coordrep>
					<plandu Sync="TRUE">survey feet</plandu>
				</planci>
			</planar>
			<geodetic>
				<horizdn Sync="TRUE">North American Datum of 1983</horizdn>
				<ellips Sync="TRUE">Geodetic Reference System 80</ellips>
				<semiaxis Sync="TRUE">6378137.000000</semiaxis>
				<denflat Sync="TRUE">298.257222</denflat>
			</geodetic>
			<cordsysn><geogcsn Sync="TRUE">GCS_North_American_1983</geogcsn><projcsn Sync="TRUE">NAD_1983_Lambert_Conformal_Conic</projcsn></cordsysn></horizsys>
		<vertdef>
			<altsys>
				<altdatum>North American Vertical Datum of 1988</altdatum>
				<altunits>feet</altunits>
			</altsys>
		</vertdef>
	</spref>
	<eainfo>
		<detailed Name="Streams">
			<enttyp>
				<enttypl Sync="TRUE">Streams</enttypl>
				<enttypt Sync="TRUE">Feature Class</enttypt><enttypc Sync="TRUE">0</enttypc><enttypd>Hydrography line features</enttypd></enttyp>
			<attr><attrlabl Sync="TRUE">FID</attrlabl><attalias Sync="TRUE">FID</attalias><attrtype Sync="TRUE">OID</attrtype><attwidth Sync="TRUE">4</attwidth><atprecis Sync="TRUE">0</atprecis><attscale Sync="TRUE">0</attscale><attrdef Sync="TRUE">Internal feature number.</attrdef><attrdefs Sync="TRUE">Esri</attrdefs><attrdomv><udom Sync="TRUE">Sequential unique whole numbers that are automatically generated.</udom></attrdomv></attr><attr>
				<attrlabl>SHAPE</attrlabl>
				<attrdef>Feature geometry.</attrdef>
				<attrdefs>ESRI</attrdefs>
				<attrdomv>
					<udom>Coordinates defining the features.</udom>
				</attrdomv>
				<attalias Sync="TRUE">Shape</attalias><attrtype Sync="TRUE">Geometry</attrtype><attwidth Sync="TRUE">0</attwidth><atprecis Sync="TRUE">0</atprecis><attscale Sync="TRUE">0</attscale></attr>
			<attr>
				<attrlabl>STF</attrlabl>
				<attrdef>State FIPS Code</attrdef>
				<attalias Sync="TRUE">STF</attalias><attrtype Sync="TRUE">String</attrtype><attwidth Sync="TRUE">2</attwidth><atprecis Sync="TRUE">0</atprecis><attscale Sync="TRUE">0</attscale></attr>
			<attr>
				<attrlabl>COF</attrlabl>
				<attrdef>County FIPS Code</attrdef>
				<attalias Sync="TRUE">COF</attalias><attrtype Sync="TRUE">String</attrtype><attwidth Sync="TRUE">3</attwidth><atprecis Sync="TRUE">0</atprecis><attscale Sync="TRUE">0</attscale></attr>
			<attr><attrlabl Sync="TRUE">FTYPE</attrlabl><attalias Sync="TRUE">FTYPE</attalias><attrtype Sync="TRUE">String</attrtype><attwidth Sync="TRUE">20</attwidth><atprecis Sync="TRUE">0</atprecis><attscale Sync="TRUE">0</attscale><attrdef>Feature Type Code (NHD)</attrdef></attr><attr><attrlabl Sync="TRUE">FNAME</attrlabl><attalias Sync="TRUE">FNAME</attalias><attrtype Sync="TRUE">String</attrtype><attwidth Sync="TRUE">60</attwidth><atprecis Sync="TRUE">0</atprecis><attscale Sync="TRUE">0</attscale><attrdef>Feature name</attrdef></attr><attr><attrlabl Sync="TRUE">Length</attrlabl><attalias Sync="TRUE">Length</attalias><attrtype Sync="TRUE">Double</attrtype><attwidth Sync="TRUE">19</attwidth><atprecis Sync="TRUE">0</atprecis><attscale Sync="TRUE">0</attscale></attr><attr><attrlabl Sync="TRUE">SHAPE_Leng</attrlabl><attalias Sync="TRUE">SHAPE_Leng</attalias><attrtype Sync="TRUE">Double</attrtype><attwidth Sync="TRUE">19</attwidth><atprecis Sync="TRUE">0</atprecis><attscale Sync="TRUE">0</attscale></attr></detailed>
		<overview>
		</overview>
	</eainfo>
	<distinfo>
		<distrib>
			<cntinfo>
				<cntperp>
					<cntper>Jay Parrish, P.G., Ph. D</cntper>
					<cntorg>PAMAP Program, PA Department of Conservation and Natural Resources, Bureau of Topographic and Geologic Survey</cntorg>
				</cntperp>
				<cntpos>Director</cntpos>
				<cntaddr>
					<addrtype>mailing and physical address</addrtype>
					<address>PAMAP Program</address>
					<address>PA DCNR Topographic and Geologic Survey</address>
					<address>3240 Schoolhouse Road</address>
					<city>Middletown</city>
					<state>PA</state>
					<postal>17057</postal>
					<country>USA</country>
				</cntaddr>
				<cntvoice>(717) 702-2053</cntvoice>
				<cntemail>jayparrish@state.pa.us</cntemail>
			</cntinfo>
		</distrib>
		<resdesc>The PAMAP Program distributes data directly to program partners.  Public access to the data are available from both the Pennsylvania Spatial Data Access (PASDA), and Penn State Center for Geographic Information Services listed below.</resdesc>
		<distliab>The USER shall indemnify, save harmless, and, if requested, defend those parties involved with the development and distribution of this data, their officers, agents, and employees from and against any suits, claims, or actions for injury, death, or property damage arising out of the use of or any defect in the FILES or any accompanying documentation. Those parties involved with the development and distribution excluded any and all implied warranties, including warranties or merchantability and fitness for a particular purpose and makes no warranty or representation, either express or implied, with respect to the FILES or accompanying documentation, including its quality, performance, merchantability, or fitness for a particular purpose. The FILES and documentation are provided "as is" and the USER assumes the entire risk as to its quality and performance. Those parties involved with the development and distribution of this data will not be liable for any direct, indirect, special, incidental, or consequential damages arising out of the use or inability to use the FILES or any accompanying documentation.</distliab>
	</distinfo>
	<distinfo>
		<distrib>
			<cntinfo>
				<cntorgp>
					<cntorg>Pennsylvania Spatial Data Access (PASDA)</cntorg>
				</cntorgp>
				<cntaddr>
					<addrtype>mailing and physical address</addrtype>
					<address>Penn State Institutes of Energy and the Environment</address>
					<address>115 Land and Water Building</address>
					<city>University Park</city>
					<state>PA</state>
					<postal>16802</postal>
					<country>USA</country>
				</cntaddr>
				<cntvoice>814-863-0104</cntvoice>
				<cntemail>pasda@psu.edu</cntemail>
			</cntinfo>
		</distrib>
		<resdesc>PASDA (www.pasda.psu.edu) provides public access to  PAMAP downloadable files and web services.</resdesc>
	</distinfo>
	<distinfo>
		<distrib>
			<cntinfo>
				<cntorgp>
					<cntorg>Center for Geographic Information Services</cntorg>
					<cntper>Brady Stroh</cntper>
				</cntorgp>
				<cntpos>Director</cntpos>
				<cntaddr>
					<addrtype>mailing and physical address</addrtype>
					<address>Penn State Institute of State and Regional Affairs</address>
					<address>Penn State Harrisburg</address>
					<address>777 West Harrisburg Pike</address>
					<city>Middletown</city>
					<state>PA</state>
					<postal>17057</postal>
					<country>USA</country>
				</cntaddr>
				<cntvoice>(717) 948-6428</cntvoice>
				<cntfax>(717) 948-6306</cntfax>
				<cntemail>bms16@psu.edu</cntemail>
			</cntinfo>
		</distrib>
		<resdesc>The Pennsylvania State Data Center and the Center for GIS at Penn State Harrisburg handle bulk requests for PAMAP data  on a fee basis.  For additional information, please visit http://cgis.hbg.psu.edu/pdf/PAMAP_Bulk_Order.pdf.</resdesc>
	</distinfo>
	<metainfo>
		<metd Sync="TRUE">20101207</metd>
		<metc>
			<cntinfo>
				<cntorgp>
					<cntorg>PAMAP Program, PA Department of Conservation and Natural Resources, Bureau of Topographic and Geologic Survey</cntorg>
					<cntper>Jay Parrish, P.G., Ph. D</cntper>
				</cntorgp>
				<cntpos>Director</cntpos>
				<cntaddr>
					<addrtype>mailing and physical address</addrtype>
					<address>PAMAP Program</address>
					<address>PA DCNR Topographic and Geologic Survey</address>
					<address>3240 Schoolhouse Road</address>
					<city>Middletown</city>
					<state>PA</state>
					<postal>17057</postal>
					<country>USA</country>
				</cntaddr>
				<cntvoice>(717) 702-2053</cntvoice>
				<cntemail>jayparrish@state.pa.us</cntemail>
			</cntinfo>
		</metc>
		<metstdn Sync="TRUE">FGDC Content Standards for Digital Geospatial Metadata</metstdn>
		<metstdv Sync="TRUE">FGDC-STD-001-1998</metstdv>
		<mettc Sync="TRUE">local time</mettc>
		<metextns>
			<onlink>http://www.esri.com/metadata/esriprof80.html</onlink>
			<metprof>ESRI Metadata Profile</metprof>
		</metextns>
		<langmeta Sync="TRUE">en</langmeta></metainfo>
	<Esri><CreaDate>20170202</CreaDate><CreaTime>14492900</CreaTime><SyncOnce>FALSE</SyncOnce><SyncDate>20160204</SyncDate><SyncTime>14192300</SyncTime><ModDate>20160204</ModDate><ModTime>14192300</ModTime><DataProperties><itemProps><itemName Sync="TRUE">Streams</itemName><imsContentType Sync="TRUE">002</imsContentType><itemSize Sync="TRUE">0.000</itemSize><itemLocation><linkage Sync="TRUE">file://\\KENNETHSTEIF-PC\C$\Users\kennethsteif\Desktop\Spring_2016\LandUseModelling\z_trash\z_3watershed_runthrough\pa_data\aa_pa_DEM\Streams.shp</linkage><protocol Sync="TRUE">Local Area Network</protocol></itemLocation></itemProps><coordRef><type Sync="TRUE">Projected</type><geogcsn Sync="TRUE">GCS_North_American_1983</geogcsn><csUnits Sync="TRUE">Linear Unit: Foot_US (0.304801)</csUnits><projcsn Sync="TRUE">NAD_1983_Lambert_Conformal_Conic</projcsn><peXml Sync="TRUE">&lt;ProjectedCoordinateSystem xsi:type='typens:ProjectedCoordinateSystem' xmlns:xsi='http://www.w3.org/2001/XMLSchema-instance' xmlns:xs='http://www.w3.org/2001/XMLSchema' xmlns:typens='http://www.esri.com/schemas/ArcGIS/10.1'&gt;&lt;WKT&gt;PROJCS[&amp;quot;NAD_1983_Lambert_Conformal_Conic&amp;quot;,GEOGCS[&amp;quot;GCS_North_American_1983&amp;quot;,DATUM[&amp;quot;D_North_American_1983&amp;quot;,SPHEROID[&amp;quot;GRS_1980&amp;quot;,6378137.0,298.257222101]],PRIMEM[&amp;quot;Greenwich&amp;quot;,0.0],UNIT[&amp;quot;Degree&amp;quot;,0.0174532925199433]],PROJECTION[&amp;quot;Lambert_Conformal_Conic&amp;quot;],PARAMETER[&amp;quot;False_Easting&amp;quot;,0.0],PARAMETER[&amp;quot;False_Northing&amp;quot;,0.0],PARAMETER[&amp;quot;Central_Meridian&amp;quot;,-78.0],PARAMETER[&amp;quot;Standard_Parallel_1&amp;quot;,40.25],PARAMETER[&amp;quot;Standard_Parallel_2&amp;quot;,41.5],PARAMETER[&amp;quot;Latitude_Of_Origin&amp;quot;,39.0],UNIT[&amp;quot;Foot_US&amp;quot;,0.3048006096012192]]&lt;/WKT&gt;&lt;XOrigin&gt;-121008400&lt;/XOrigin&gt;&lt;YOrigin&gt;-96114000&lt;/YOrigin&gt;&lt;XYScale&gt;37217247.954443619&lt;/XYScale&gt;&lt;ZOrigin&gt;-100000&lt;/ZOrigin&gt;&lt;ZScale&gt;10000&lt;/ZScale&gt;&lt;MOrigin&gt;-100000&lt;/MOrigin&gt;&lt;MScale&gt;10000&lt;/MScale&gt;&lt;XYTolerance&gt;0.0032808333333333331&lt;/XYTolerance&gt;&lt;ZTolerance&gt;0.001&lt;/ZTolerance&gt;&lt;MTolerance&gt;0.001&lt;/MTolerance&gt;&lt;HighPrecision&gt;true&lt;/HighPrecision&gt;&lt;/ProjectedCoordinateSystem&gt;</peXml></coordRef><lineage><Process ToolSource="c:\program files (x86)\arcgis\desktop10.2\ArcToolbox\Toolboxes\Analysis Tools.tbx\Clip" Date="20160204" Time="141942">Clip "County Hydro Data" studyAreaCounties C:\Users\kennethsteif\Desktop\Spring_2016\LandUseModelling\z_trash\z_3watershed_runthrough\pa_data\aa_pa_DEM\Streams.shp #</Process></lineage></DataProperties><ArcGISFormat>1.0</ArcGISFormat></Esri><dataIdInfo><envirDesc Sync="TRUE"> Version 6.2 (Build 9200) ; Esri ArcGIS 10.2.0.3348</envirDesc><dataLang><languageCode Sync="TRUE" value="eng"></languageCode><countryCode value="USA" Sync="TRUE"></countryCode></dataLang><idCitation><resTitle Sync="TRUE">Streams</resTitle><presForm><PresFormCd value="005" Sync="TRUE"></PresFormCd></presForm></idCitation><dataExt><geoEle><GeoBndBox esriExtentType="native"><westBL Sync="TRUE">-708513.129126</westBL><eastBL Sync="TRUE">916243.86676</eastBL><northBL Sync="TRUE">1196057.821096</northBL><southBL Sync="TRUE">220303.272937</southBL><exTypeCode Sync="TRUE">1</exTypeCode></GeoBndBox></geoEle></dataExt><geoBox esriExtentType="decdegrees"><westBL Sync="TRUE">-80.616759</westBL><eastBL Sync="TRUE">-74.616704</eastBL><northBL Sync="TRUE">42.282647</northBL><southBL Sync="TRUE">39.557957</southBL><exTypeCode Sync="TRUE">1</exTypeCode></geoBox><spatRpType><SpatRepTypCd value="001" Sync="TRUE"></SpatRepTypCd></spatRpType></dataIdInfo><mdLang><languageCode Sync="TRUE" value="eng"></languageCode><countryCode value="USA" Sync="TRUE"></countryCode></mdLang><mdStanName Sync="TRUE">ISO 19115 Geographic Information - Metadata</mdStanName><mdStanVer Sync="TRUE">DIS_ESRI1.0</mdStanVer><mdChar><CharSetCd Sync="TRUE" value="006"></CharSetCd></mdChar><mdHrLv><ScopeCd Sync="TRUE" value="005"></ScopeCd></mdHrLv><mdHrLvName Sync="TRUE">dataset</mdHrLvName><distInfo><distributor><distorTran><onLineSrc><orDesc Sync="TRUE">002</orDesc><linkage Sync="TRUE">file://\\PC-36\D$\PAMAP\vector\PAMAP_Vector_Data\CountyHydrography.gdb</linkage><protocol Sync="TRUE">Local Area Network</protocol></onLineSrc></distorTran><distorFormat><formatName Sync="TRUE">File Geodatabase Feature Class</formatName></distorFormat></distributor><distFormat><formatName Sync="TRUE">Shapefile</formatName></distFormat><distTranOps><transSize Sync="TRUE">0.000</transSize></distTranOps></distInfo><refSysInfo><RefSystem><refSysID><identCode Sync="TRUE" code="0">NAD_1983_Lambert_Conformal_Conic</identCode></refSysID></RefSystem></refSysInfo><spatRepInfo><VectSpatRep><geometObjs Name="Streams"><geoObjTyp><GeoObjTypCd value="002" Sync="TRUE"></GeoObjTypCd></geoObjTyp><geoObjCnt Sync="TRUE">0</geoObjCnt></geometObjs><topLvl><TopoLevCd value="001" Sync="TRUE"></TopoLevCd></topLvl></VectSpatRep></spatRepInfo><mdDateSt Sync="TRUE">20160204</mdDateSt></metadata>
